{"mcp_server_enhanced.py": 1755725603.7595248, "__init__.py": 1755701264.1672254, "code_indexer_enhanced.py": 1755730603.8711107, "reindex.py": 1755731436.0803573, "setup_enhanced_mcp.py": 1755701372.735274, "embeddings/__init__.py": 1755701269.9533663, "embeddings/semantic_search.py": 1755697115.1540978, "cache/search_cache.py": 1755690276.2485237, "cache/__init__.py": 1755701282.161089, "utils/__init__.py": 1755701275.657908, "utils/embeddings.py": 1755690518.2098587, "utils/file_watcher.py": 1755697163.1334832, "scripts/summarize_metrics.py": 1755730890.8006165, "scripts/mcp_client_stats.py": 1755727193.3613484, "scripts/get_stats.py": 1755726375.9119744, "main.py": 1756147266.072644, "mcp_system/mcp_server_enhanced.py": 1756166207.6915083, "mcp_system/__init__.py": 1756157484.5288744, "mcp_system/code_indexer_enhanced.py": 1756166693.0127642, "mcp_system/reindex.py": 1756161419.1409552, "mcp_system/setup_enhanced_mcp.py": 1756154931.1757026, "tests/test_currency_utils.py": 1756145852.325752, "tests/test_csv_reader.py": 1756147893.729488, "tests/test_suite.py": 1756145955.0716913, "tests/test_comprehensive_suite.py": 1756147904.95932, "scripts/examine_excel.py": 1755769048.2636738, "scripts/test_excel_reader.py": 1755769411.9854424, "scripts/create_sample_pdf.py": 1755109561.8157306, "src/__init__.py": 1755104706.859261, "src/utils/currency_utils.py": 1756149301.0570138, "src/application/__init__.py": 1755104719.7803147, "src/application/use_cases.py": 1756146923.2629967, "src/infrastructure/__init__.py": 1755104726.021574, "src/domain/interfaces.py": 1755104182.5194025, "src/domain/models.py": 1756145254.817271, "src/domain/__init__.py": 1755104713.7980626, "src/domain/exceptions.py": 1755104150.5030491, "src/infrastructure/analyzers/basic_analyzer.py": 1756145358.5171318, "src/infrastructure/analyzers/__init__.py": 1755104473.5524144, "src/infrastructure/readers/pdf_reader.py": 1755732670.6391072, "src/infrastructure/readers/excel_reader.py": 1756162537.0597262, "src/infrastructure/readers/csv_reader.py": 1756149193.6473725, "src/infrastructure/readers/__init__.py": 1755104259.9851887, "src/infrastructure/categorizers/keyword_categorizer.py": 1755104396.4543626, "src/infrastructure/categorizers/__init__.py": 1755104402.6686974, "src/infrastructure/reports/__init__.py": 1755104542.934863, "src/infrastructure/reports/text_report.py": 1756145388.113131, "mcp_system/embeddings/__init__.py": 1755701269.9533663, "mcp_system/embeddings/semantic_search.py": 1756159582.9433653, "mcp_system/cache/search_cache.py": 1756155043.6534107, "mcp_system/cache/__init__.py": 1755701282.161089, "mcp_system/utils/__init__.py": 1755701275.657908, "mcp_system/utils/embeddings.py": 1755690518.2098587, "mcp_system/utils/file_watcher.py": 1756155021.429876, "mcp_system/scripts/summarize_metrics.py": 1756161320.4610665, "mcp_system/scripts/mcp_client_stats.py": 1756157736.4330692, "mcp_system/scripts/get_stats.py": 1755726375.9119744, "tests/unit/test_basic_analyzer.py": 1756162176.0962353, "tests/unit/test_text_report.py": 1756162200.8237684, "tests/unit/test_readers_phase1.py": 1756162409.3387556, "mcp_system/scripts/summarize_metrics_enhanced.py": 1756167132.725809, "mcp_system/scripts/visual_metrics.py": 1756166627.6176934, "mcp_system/test_correcoes.py": 1756166868.0705903, "mcp_system/criar_dados_teste.py": 1756166918.0305116}