{"mcp_server_enhanced.py": 1755725603.7595248, "__init__.py": 1755701264.1672254, "code_indexer_enhanced.py": 1755730603.8711107, "reindex.py": 1755731436.0803573, "setup_enhanced_mcp.py": 1755701372.735274, "embeddings/__init__.py": 1755701269.9533663, "embeddings/semantic_search.py": 1755697115.1540978, "cache/search_cache.py": 1755690276.2485237, "cache/__init__.py": 1755701282.161089, "utils/__init__.py": 1755701275.657908, "utils/embeddings.py": 1755690518.2098587, "utils/file_watcher.py": 1755697163.1334832, "scripts/summarize_metrics.py": 1755730890.8006165, "scripts/mcp_client_stats.py": 1755727193.3613484, "scripts/get_stats.py": 1755726375.9119744}